name,email,title,company,industry,employees,location,signal,lifecycle_stage,last_contacted_days,activity_1,activity_1_days_ago,activity_2,activity_2_days_ago,activity_3,activity_3_days_ago,domain
Zoe Reid,zoe.reid@navisync23.com,COO,Navisync 23,Revenue Operations Software,280,Lisbon Portugal,Expanding partner channel,customer,12,Discussed forecasting and pipeline visibility were weak,57,Recent discovery call,14,,0,navisync23.com
Noah Flynn,noah.flynn@metricforge.com,Head of Growth,MetricForge,B2B SaaS,340,Barcelona Spain,Hiring first enablement lead,stalled,52,Discussed they wanted better commercial efficiency without more headcount,57,Clicked case study about dormant lead recovery,12,Interested in operational efficiency more than net-new tooling,69,metricforge.com
Maria Doyle,maria.doyle@demandforge.com,VP Marketing,DemandForge,Sales Enablement Software,45,Stockholm Sweden,Reviewing sales process and funnel leakage,stalled,52,Discussed sales team was prioritising top accounts only,69,Clicked case study about dormant lead recovery,9,Said timing was bad due to quarter-end priorities,41,demandforge.com
Max Shaw,max.shaw@metricforge86.com,Head of RevOps,MetricForge 86,HR Software,75,Miami USA,Implementing new forecasting process,stalled,58,Discussed forecasting and pipeline visibility were weak,69,Clicked case study about dormant lead recovery,14,Mentioned forecasting and pipeline visibility were weak,87,metricforge86.com
Emily Murphy,emily.murphy@revscale1.com,Founder,RevScale 1,Operations SaaS,160,Copenhagen Denmark,Hiring RevOps Manager,stalled,104,Discussed timing was poor despite strong fit,69,Recent discovery call,33,Said timing was bad due to quarter-end priorities,87,revscale1.com
Ben Murphy,ben.murphy@sellstack84.com,Head of Sales,SellStack 84,Revenue Operations Software,45,Dublin Ireland,Scaling demand generation across EMEA,lead,39,Discussed CRM hygiene issues were slowing the team down,88,Attended webinar on pipeline coverage and reactivation,7,Mentioned CRM hygiene issues were slowing the team down,74,sellstack84.com
Noah Doyle,noah.doyle@adlift32.com,COO,AdLift 32,Operations SaaS,90,Lisbon Portugal,Expanding partner channel,lead,72,Discussed rep productivity and prioritisation were becoming a concern,44,Opened recap email,14,Wanted better prioritisation across stale pipeline,41,adlift32.com
Daniel OSullivan,daniel.osullivan@leadorbit67.com,Head of Growth,LeadOrbit 67,Marketing Software,60,Dublin Ireland,Expanding partner channel,stalled,64,Discussed sales team was prioritising top accounts only,69,Opened recap email,9,,0,leadorbit67.com
Ava Hughes,ava.hughes@clearfunnel94.com,VP Marketing,ClearFunnel 94,FinTech SaaS,60,Lisbon Portugal,Hiring 3 SDRs and 1 AE,opportunity,18,Discussed timing was poor despite strong fit,88,Attended webinar on pipeline coverage and reactivation,28,Wanted better prioritisation across stale pipeline,69,clearfunnel94.com
Jonas Rossi,jonas.rossi@convertloop66.com,Director of Sales,ConvertLoop 66,Sales Enablement Software,60,London UK,Hiring first enablement lead,lead,83,Discussed lead handoff between marketing and sales was messy,57,Opened follow-up twice,16,Said timing was bad due to quarter-end priorities,74,convertloop66.com
Barry Richter,barry.richter@funnelpilot83.com,Founder,FunnelPilot 83,Revenue Operations Software,280,Dublin Ireland,Launching new outbound motion,lead,104,Discussed they wanted better commercial efficiency without more headcount,88,Recent discovery call,22,Said timing was bad due to quarter-end priorities,69,funnelpilot83.com
Jake Becker,jake.becker@growpilot33.com,Head of Growth,GrowPilot 33,Customer Support Software,75,Lisbon Portugal,Scaling demand generation across EMEA,lead,104,Discussed CRM hygiene issues were slowing the team down,44,Attended webinar on pipeline coverage and reactivation,33,,0,growpilot33.com
Owen Murphy,owen.murphy@logihub58.com,VP Revenue Operations,LogiHub 58,Customer Support Software,35,Berlin Germany,Reviewing sales process and funnel leakage,stalled,104,Discussed sales team was prioritising top accounts only,69,Clicked case study about dormant lead recovery,14,Interested in operational efficiency more than net-new tooling,41,logihub58.com
Eleanor Fischer,eleanor.fischer@signalpath.com,Commercial Director,SignalPath,Logistics SaaS,190,Stockholm Sweden,Hiring 3 SDRs and 1 AE,stalled,18,Discussed good-fit opportunities were sitting untouched in the CRM,78,Recent discovery call,14,,0,signalpath.com
Emily Fischer,emily.fischer@convertloop66.com,Revenue Operations Director,ConvertLoop 66,Sales Enablement Software,60,London UK,Hiring first enablement lead,lead,83,Discussed team was stretched and coverage was inconsistent,44,Opened recap email,14,Interested in operational efficiency more than net-new tooling,87,convertloop66.com
Laura Meyer,laura.meyer@leadorbit43.com,Head of Growth,LeadOrbit 43,AdTech SaaS,75,Lisbon Portugal,Launching new outbound motion,lead,18,Discussed good-fit opportunities were sitting untouched in the CRM,57,Opened recap email,33,Founder was interested but wanted to revisit post-quarter,74,leadorbit43.com
Nina Dunne,nina.dunne@outreachos17.com,RevOps Manager,OutreachOS 17,Sales Enablement Software,35,New York USA,Scaling demand generation across EMEA,opportunity,91,Discussed rep productivity and prioritisation were becoming a concern,78,Opened follow-up twice,31,Interested in operational efficiency more than net-new tooling,87,outreachos17.com
Max Weber,max.weber@dealspring87.com,Founder,DealSpring 87,Logistics SaaS,280,New York USA,Hiring RevOps Manager,stalled,83,Discussed timing was poor despite strong fit,88,Opened recap email,14,Wanted better prioritisation across stale pipeline,69,dealspring87.com
Chloe Richter,chloe.richter@logihub.com,Head of RevOps,LogiHub,Operations SaaS,340,Copenhagen Denmark,Implementing new forecasting process,lead,45,Discussed rep productivity and prioritisation were becoming a concern,44,Clicked case study about dormant lead recovery,12,Interested in operational efficiency more than net-new tooling,69,logihub.com
Liam Mills,liam.mills@outreachos65.com,Head of RevOps,OutreachOS 65,B2B SaaS,220,Barcelona Spain,Hiring first enablement lead,lead,52,Discussed forecasting and pipeline visibility were weak,88,Opened recap email,28,Mentioned forecasting and pipeline visibility were weak,53,outreachos65.com
Daniel Byrne,daniel.byrne@funnelpilot83.com,COO,FunnelPilot 83,Revenue Operations Software,280,Dublin Ireland,Launching new outbound motion,opportunity,91,Discussed team was stretched and coverage was inconsistent,88,Opened recap email,31,Mentioned team was stretched and coverage was inconsistent,61,funnelpilot83.com
Nina Byrne,nina.byrne@dealspring15.com,Chief Revenue Officer,DealSpring 15,HR Software,45,Copenhagen Denmark,Reviewing sales process and funnel leakage,stalled,52,Discussed rep productivity and prioritisation were becoming a concern,88,Opened follow-up twice,14,Said timing was bad due to quarter-end priorities,53,dealspring15.com
Daniel Fischer,daniel.fischer@funnelpilot11.com,Head of Sales,FunnelPilot 11,HR Software,130,Manchester UK,Expanding into US market,lead,83,Discussed lead handoff between marketing and sales was messy,57,Opened recap email,12,Founder was interested but wanted to revisit post-quarter,74,funnelpilot11.com
Alex Byrne,alex.byrne@demandforge.com,Commercial Director,DemandForge,Sales Enablement Software,45,Stockholm Sweden,Reviewing sales process and funnel leakage,opportunity,12,Discussed pipeline follow-up was too manual,78,Clicked case study about dormant lead recovery,31,Interested in operational efficiency more than net-new tooling,41,demandforge.com
Emily Murphy,emily.murphy@logihub10.com,Head of RevOps,LogiHub 10,Revenue Operations Software,340,Stockholm Sweden,Reviewing sales process and funnel leakage,lead,45,Discussed lead handoff between marketing and sales was messy,69,Opened recap email,16,Mentioned lead handoff between marketing and sales was messy,69,logihub10.com
Mason Rossi,mason.rossi@flowmetrics.com,Head of Sales,FlowMetrics,FinTech SaaS,45,New York USA,Scaling demand generation across EMEA,customer,45,Discussed sales team was prioritising top accounts only,44,Recent discovery call,7,Mentioned sales team was prioritising top accounts only,53,flowmetrics.com
Eva OSullivan,eva.osullivan@pipelineiq2.com,Commercial Director,PipelineIQ 2,Analytics Software,340,Lisbon Portugal,Expanding into US market,lead,24,Discussed good-fit opportunities were sitting untouched in the CRM,44,Opened follow-up twice,14,Said timing was bad due to quarter-end priorities,87,pipelineiq2.com
Nina Collins,nina.collins@growpilot9.com,Director of Sales,GrowPilot 9,Logistics SaaS,340,Lisbon Portugal,Hiring first enablement lead,opportunity,91,Discussed pipeline follow-up was too manual,57,Attended webinar on pipeline coverage and reactivation,9,Founder was interested but wanted to revisit post-quarter,41,growpilot9.com
Jonas Novak,jonas.novak@navisync95.com,Sales Director,Navisync 95,Maritime Workforce SaaS,220,Lisbon Portugal,Launching new outbound motion,stalled,52,Discussed lead handoff between marketing and sales was messy,57,Opened pricing follow-up email,14,Mentioned lead handoff between marketing and sales was messy,87,navisync95.com
Jonas Moran,jonas.moran@flowmetrics75.com,Sales Director,FlowMetrics 75,Analytics Software,90,Barcelona Spain,Implementing new forecasting process,opportunity,18,Discussed they wanted better commercial efficiency without more headcount,44,Attended webinar on pipeline coverage and reactivation,33,Said timing was bad due to quarter-end priorities,87,flowmetrics75.com
James Dubois,james.dubois@pismiami24.com,Sales Director,PIS Miami 24,Logistics SaaS,60,Manchester UK,Launching new outbound motion,lead,52,Discussed good-fit opportunities were sitting untouched in the CRM,44,Opened recap email,22,,0,pismiami24.com
Eva Weber,eva.weber@leadorbit91.com,Marketing Director,LeadOrbit 91,Analytics Software,90,Berlin Germany,Scaling demand generation across EMEA,lead,24,Discussed rep productivity and prioritisation were becoming a concern,69,Opened follow-up twice,33,Said timing was bad due to quarter-end priorities,69,leadorbit91.com
Eva Doyle,eva.doyle@adlift32.com,Commercial Director,AdLift 32,Operations SaaS,90,Lisbon Portugal,Expanding partner channel,lead,31,Discussed pipeline follow-up was too manual,69,Opened recap email,14,Said timing was bad due to quarter-end priorities,74,adlift32.com
Jake Byrne,jake.byrne@crewstack55.com,VP Marketing,CrewStack 55,B2B SaaS,280,Lisbon Portugal,Hiring 3 SDRs and 1 AE,lead,45,Discussed CRM hygiene issues were slowing the team down,78,Clicked case study about dormant lead recovery,22,Wanted better prioritisation across stale pipeline,61,crewstack55.com
Zoe Hughes,zoe.hughes@sellstack12.com,Marketing Director,SellStack 12,Operations SaaS,190,Barcelona Spain,Raised Series A 6 months ago,stalled,64,Discussed team was stretched and coverage was inconsistent,88,Clicked case study about dormant lead recovery,9,Interested in operational efficiency more than net-new tooling,87,sellstack12.com
Max Rossi,max.rossi@opspilot29.com,COO,OpsPilot 29,Marketing Software,45,Miami USA,Launching new product line,lead,58,Discussed good-fit opportunities were sitting untouched in the CRM,78,Opened pricing follow-up email,9,Wanted better prioritisation across stale pipeline,53,opspilot29.com
Chloe Shaw,chloe.shaw@demandforge28.com,Founder,DemandForge 28,Logistics SaaS,35,Amsterdam Netherlands,Expanding partner channel,opportunity,45,Discussed good-fit opportunities were sitting untouched in the CRM,88,Opened follow-up twice,22,Said timing was bad due to quarter-end priorities,87,demandforge28.com
Ava Collins,ava.collins@navisync47.com,Marketing Director,Navisync 47,Customer Support Software,110,Copenhagen Denmark,Reviewing sales process and funnel leakage,lead,39,Discussed timing was poor despite strong fit,57,Opened pricing follow-up email,14,Wanted better prioritisation across stale pipeline,41,navisync47.com
Ben Flynn,ben.flynn@pismiami72.com,Marketing Director,PIS Miami 72,Sales Enablement Software,110,Paris France,Expanding into US market,lead,31,Discussed good-fit opportunities were sitting untouched in the CRM,69,Recent discovery call,33,Founder was interested but wanted to revisit post-quarter,61,pismiami72.com
Eva Becker,eva.becker@closelayer.com,Founder,CloseLayer,Maritime Workforce SaaS,110,Stockholm Sweden,Hiring RevOps Manager,lead,24,Discussed timing was poor despite strong fit,44,Recent discovery call,33,Interested in operational efficiency more than net-new tooling,61,closelayer.com
Anna Rossi,anna.rossi@signalpath.com,Founder,SignalPath,Logistics SaaS,190,Stockholm Sweden,Hiring 3 SDRs and 1 AE,opportunity,24,Discussed good-fit opportunities were sitting untouched in the CRM,44,Opened pricing follow-up email,16,Said timing was bad due to quarter-end priorities,69,signalpath.com
Ava Jensen,ava.jensen@growpilot33.com,Head of Sales,GrowPilot 33,Customer Support Software,75,Lisbon Portugal,Scaling demand generation across EMEA,lead,58,Discussed pipeline follow-up was too manual,44,Opened recap email,31,Mentioned pipeline follow-up was too manual,74,growpilot33.com
Jake Meyer,jake.meyer@growpilot57.com,Director of Sales,GrowPilot 57,Customer Support Software,160,Barcelona Spain,Expanding into US market,lead,72,Discussed timing was poor despite strong fit,44,Clicked case study about dormant lead recovery,9,Founder was interested but wanted to revisit post-quarter,69,growpilot57.com
Owen Kelly,owen.kelly@signalpath54.com,Commercial Director,SignalPath 54,AdTech SaaS,420,Lisbon Portugal,Raised Series A 6 months ago,lead,64,Discussed lead handoff between marketing and sales was messy,78,Opened recap email,16,Founder was interested but wanted to revisit post-quarter,69,signalpath54.com
Rachel Hughes,rachel.hughes@shipvista16.com,Head of Sales,ShipVista 16,HR Software,160,Lisbon Portugal,Hiring RevOps Manager,opportunity,91,Discussed pipeline follow-up was too manual,57,Recent discovery call,14,Wanted better prioritisation across stale pipeline,87,shipvista16.com
Maria Shaw,maria.shaw@funnelpilot.com,Director of Sales,FunnelPilot,Revenue Operations Software,60,Amsterdam Netherlands,Implementing new forecasting process,opportunity,24,Discussed team was stretched and coverage was inconsistent,78,Opened recap email,31,Wanted better prioritisation across stale pipeline,41,funnelpilot.com
Jonas Mills,jonas.mills@signalpath6.com,Founder,SignalPath 6,HR Software,340,Manchester UK,Expanding into US market,opportunity,58,Discussed pipeline follow-up was too manual,57,Attended webinar on pipeline coverage and reactivation,14,Said timing was bad due to quarter-end priorities,41,signalpath6.com
Eleanor Power,eleanor.power@clearfunnel46.com,Director of Sales,ClearFunnel 46,Logistics SaaS,45,Dublin Ireland,Building a new enterprise sales team,stalled,24,Discussed pipeline follow-up was too manual,44,Clicked case study about dormant lead recovery,16,Founder was interested but wanted to revisit post-quarter,87,clearfunnel46.com
Rachel Reid,rachel.reid@logihub82.com,Founder,LogiHub 82,Sales Enablement Software,35,New York USA,Hiring first enablement lead,lead,58,Discussed timing was poor despite strong fit,78,Attended webinar on pipeline coverage and reactivation,33,Founder was interested but wanted to revisit post-quarter,69,logihub82.com
James Hughes,james.hughes@growpilot33.com,Head of Sales,GrowPilot 33,Customer Support Software,75,Lisbon Portugal,Scaling demand generation across EMEA,stalled,91,Discussed forecasting and pipeline visibility were weak,88,Attended webinar on pipeline coverage and reactivation,7,Mentioned forecasting and pipeline visibility were weak,53,growpilot33.com
Eva Moran,eva.moran@dealspring63.com,Commercial Director,DealSpring 63,B2B SaaS,220,Miami USA,Hiring first enablement lead,opportunity,12,Discussed timing was poor despite strong fit,88,Opened pricing follow-up email,12,Said timing was bad due to quarter-end priorities,74,dealspring63.com
Laura Reid,laura.reid@sellstack60.com,Founder,SellStack 60,Revenue Operations Software,130,Miami USA,Scaling demand generation across EMEA,lead,72,Discussed lead handoff between marketing and sales was messy,78,Opened pricing follow-up email,31,Wanted better prioritisation across stale pipeline,69,sellstack60.com
Ava Keane,ava.keane@leadorbit19.com,VP Revenue Operations,LeadOrbit 19,Analytics Software,110,Dublin Ireland,Hiring RevOps Manager,stalled,45,Discussed lead handoff between marketing and sales was messy,78,Attended webinar on pipeline coverage and reactivation,28,Founder was interested but wanted to revisit post-quarter,41,leadorbit19.com
James Murphy,james.murphy@funnelpilot35.com,Founder,FunnelPilot 35,Customer Support Software,280,New York USA,Implementing new forecasting process,lead,104,Discussed lead handoff between marketing and sales was messy,88,Opened pricing follow-up email,33,Said timing was bad due to quarter-end priorities,69,funnelpilot35.com
Tom Dubois,tom.dubois@crewstack.com,VP Marketing,CrewStack,Sales Enablement Software,75,Miami USA,Building a new enterprise sales team,opportunity,58,Discussed good-fit opportunities were sitting untouched in the CRM,44,Clicked case study about dormant lead recovery,16,Founder was interested but wanted to revisit post-quarter,53,crewstack.com
Jonas Weber,jonas.weber@navisync95.com,Marketing Director,Navisync 95,Maritime Workforce SaaS,220,Lisbon Portugal,Launching new outbound motion,lead,12,Discussed they wanted better commercial efficiency without more headcount,57,Recent discovery call,12,Wanted better prioritisation across stale pipeline,74,navisync95.com
Ben Walsh,ben.walsh@pipelineiq.com,VP Revenue Operations,PipelineIQ,Revenue Operations Software,75,Amsterdam Netherlands,Launching new outbound motion,lead,18,Discussed good-fit opportunities were sitting untouched in the CRM,44,Recent discovery call,12,Said timing was bad due to quarter-end priorities,87,pipelineiq.com
Sara Mills,sara.mills@metricforge14.com,Founder,MetricForge 14,Operations SaaS,420,New York USA,Reviewing sales process and funnel leakage,lead,58,Discussed good-fit opportunities were sitting untouched in the CRM,57,Opened recap email,33,Interested in operational efficiency more than net-new tooling,69,metricforge14.com
Alex Hughes,alex.hughes@revscale1.com,Head of Growth,RevScale 1,Operations SaaS,160,Copenhagen Denmark,Hiring RevOps Manager,opportunity,24,Discussed pipeline follow-up was too manual,69,Opened recap email,22,Founder was interested but wanted to revisit post-quarter,61,revscale1.com
Barry Richter,barry.richter@logihub82.com,Marketing Director,LogiHub 82,Sales Enablement Software,35,New York USA,Hiring first enablement lead,lead,72,Discussed they wanted better commercial efficiency without more headcount,78,Clicked case study about dormant lead recovery,31,Founder was interested but wanted to revisit post-quarter,69,logihub82.com
Ava Rossi,ava.rossi@prospectiq21.com,COO,ProspectIQ 21,FinTech SaaS,340,Paris France,Hiring first enablement lead,opportunity,58,Discussed forecasting and pipeline visibility were weak,57,Recent discovery call,14,Founder was interested but wanted to revisit post-quarter,69,prospectiq21.com
Sam Flynn,sam.flynn@signalpath6.com,Revenue Operations Director,SignalPath 6,HR Software,340,Manchester UK,Expanding into US market,lead,91,Discussed good-fit opportunities were sitting untouched in the CRM,78,Opened recap email,12,Said timing was bad due to quarter-end priorities,41,signalpath6.com
Sara Novak,sara.novak@outreachos.com,VP Marketing,OutreachOS,HR Software,75,Miami USA,Raised Series A 6 months ago,stalled,58,Discussed pipeline follow-up was too manual,88,Opened recap email,7,,0,outreachos.com
Daniel Moran,daniel.moran@leadorbit.com,Sales Director,LeadOrbit,Marketing Software,75,Dublin Ireland,Reviewing sales process and funnel leakage,customer,18,Discussed good-fit opportunities were sitting untouched in the CRM,69,Attended webinar on pipeline coverage and reactivation,28,,0,leadorbit.com
Sam Murphy,sam.murphy@funnelpilot.com,Chief Revenue Officer,FunnelPilot,Revenue Operations Software,60,Amsterdam Netherlands,Implementing new forecasting process,opportunity,64,Discussed lead handoff between marketing and sales was messy,69,Recent discovery call,31,Founder was interested but wanted to revisit post-quarter,41,funnelpilot.com
James Shaw,james.shaw@adlift56.com,Sales Director,AdLift 56,Marketing Software,420,Amsterdam Netherlands,Launching new outbound motion,opportunity,39,Discussed sales team was prioritising top accounts only,44,Opened recap email,9,,0,adlift56.com
Sam Laurent,sam.laurent@leadorbit67.com,RevOps Manager,LeadOrbit 67,Marketing Software,60,Dublin Ireland,Expanding partner channel,lead,39,Discussed team was stretched and coverage was inconsistent,44,Attended webinar on pipeline coverage and reactivation,7,Wanted better prioritisation across stale pipeline,61,leadorbit67.com
Daniel Carter,daniel.carter@pismiami24.com,Head of RevOps,PIS Miami 24,Logistics SaaS,60,Manchester UK,Launching new outbound motion,opportunity,72,Discussed CRM hygiene issues were slowing the team down,57,Clicked case study about dormant lead recovery,9,Founder was interested but wanted to revisit post-quarter,69,pismiami24.com
Jake Shaw,jake.shaw@adlift56.com,RevOps Manager,AdLift 56,Marketing Software,420,Amsterdam Netherlands,Launching new outbound motion,stalled,24,Discussed sales team was prioritising top accounts only,78,Recent discovery call,16,Said timing was bad due to quarter-end priorities,61,adlift56.com
Barry Dunne,barry.dunne@metricforge62.com,COO,MetricForge 62,Operations SaaS,75,Paris France,Expanding into US market,lead,39,Discussed rep productivity and prioritisation were becoming a concern,57,Opened pricing follow-up email,31,Wanted better prioritisation across stale pipeline,74,metricforge62.com
Hannah Walsh,hannah.walsh@dealspring15.com,Marketing Director,DealSpring 15,HR Software,45,Copenhagen Denmark,Reviewing sales process and funnel leakage,lead,39,Discussed sales team was prioritising top accounts only,78,Opened recap email,9,Interested in operational efficiency more than net-new tooling,69,dealspring15.com
Noah Novak,noah.novak@pipelineiq50.com,Founder,PipelineIQ 50,Customer Support Software,340,Manchester UK,Raised Series A 6 months ago,customer,39,Discussed team was stretched and coverage was inconsistent,78,Attended webinar on pipeline coverage and reactivation,7,Founder was interested but wanted to revisit post-quarter,87,pipelineiq50.com
Mason Meyer,mason.meyer@demandforge76.com,Commercial Director,DemandForge 76,Marketing Software,35,Barcelona Spain,Expanding partner channel,opportunity,39,Discussed sales team was prioritising top accounts only,88,Attended webinar on pipeline coverage and reactivation,14,,0,demandforge76.com
Owen Brooks,owen.brooks@revscale1.com,Sales Director,RevScale 1,Operations SaaS,160,Copenhagen Denmark,Hiring RevOps Manager,stalled,104,Discussed CRM hygiene issues were slowing the team down,44,Recent discovery call,7,Wanted better prioritisation across stale pipeline,69,revscale1.com
Rachel Collins,rachel.collins@opspilot.com,Marketing Director,OpsPilot,B2B SaaS,35,Dublin Ireland,Expanding into US market,lead,39,Discussed forecasting and pipeline visibility were weak,78,Clicked case study about dormant lead recovery,14,Interested in operational efficiency more than net-new tooling,74,opspilot.com
Noah Dubois,noah.dubois@outreachos89.com,Head of Growth,OutreachOS 89,Marketing Software,280,Copenhagen Denmark,Hiring RevOps Manager,stalled,24,Discussed timing was poor despite strong fit,78,Attended webinar on pipeline coverage and reactivation,22,Mentioned timing was poor despite strong fit,69,outreachos89.com
Liam Flynn,liam.flynn@logihub.com,Head of RevOps,LogiHub,Operations SaaS,340,Copenhagen Denmark,Implementing new forecasting process,stalled,91,Discussed lead handoff between marketing and sales was messy,88,Attended webinar on pipeline coverage and reactivation,9,Said timing was bad due to quarter-end priorities,41,logihub.com
Ben Laurent,ben.laurent@logihub10.com,RevOps Manager,LogiHub 10,Revenue Operations Software,340,Stockholm Sweden,Reviewing sales process and funnel leakage,lead,91,Discussed timing was poor despite strong fit,88,Opened recap email,22,Mentioned timing was poor despite strong fit,87,logihub10.com
Max OSullivan,max.osullivan@signalpath6.com,Commercial Director,SignalPath 6,HR Software,340,Manchester UK,Expanding into US market,stalled,64,Discussed forecasting and pipeline visibility were weak,88,Clicked case study about dormant lead recovery,9,,0,signalpath6.com
Laura Reid,laura.reid@logihub82.com,Marketing Director,LogiHub 82,Sales Enablement Software,35,New York USA,Hiring first enablement lead,lead,52,Discussed pipeline follow-up was too manual,57,Opened pricing follow-up email,7,Wanted better prioritisation across stale pipeline,69,logihub82.com
Sophie Shaw,sophie.shaw@dealspring.com,Head of Growth,DealSpring,Marketing Software,130,Dublin Ireland,Hiring first enablement lead,lead,58,Discussed forecasting and pipeline visibility were weak,88,Opened recap email,12,Said timing was bad due to quarter-end priorities,87,dealspring.com
Eva Fischer,eva.fischer@closelayer.com,Commercial Director,CloseLayer,Maritime Workforce SaaS,110,Stockholm Sweden,Hiring RevOps Manager,lead,39,Discussed team was stretched and coverage was inconsistent,69,Clicked case study about dormant lead recovery,31,Said timing was bad due to quarter-end priorities,53,closelayer.com
Noah Laurent,noah.laurent@metricforge86.com,Sales Director,MetricForge 86,HR Software,75,Miami USA,Implementing new forecasting process,lead,83,Discussed forecasting and pipeline visibility were weak,44,Opened recap email,16,Interested in operational efficiency more than net-new tooling,41,metricforge86.com
Eva Weber,eva.weber@closelayer85.com,VP Revenue Operations,CloseLayer 85,Sales Enablement Software,60,Paris France,Hiring RevOps Manager,opportunity,83,Discussed they wanted better commercial efficiency without more headcount,44,Opened pricing follow-up email,22,Interested in operational efficiency more than net-new tooling,53,closelayer85.com
Rachel Becker,rachel.becker@opspilot77.com,VP Revenue Operations,OpsPilot 77,HR Software,45,Dublin Ireland,Hiring first enablement lead,stalled,64,Discussed sales team was prioritising top accounts only,88,Clicked case study about dormant lead recovery,14,Wanted better prioritisation across stale pipeline,53,opspilot77.com
Zoe Hughes,zoe.hughes@opspilot77.com,Head of Sales,OpsPilot 77,HR Software,45,Dublin Ireland,Hiring first enablement lead,lead,24,Discussed CRM hygiene issues were slowing the team down,88,Attended webinar on pipeline coverage and reactivation,12,Mentioned CRM hygiene issues were slowing the team down,87,opspilot77.com
Barry Carter,barry.carter@dealspring87.com,Head of Sales,DealSpring 87,Logistics SaaS,280,New York USA,Hiring RevOps Manager,lead,104,Discussed sales team was prioritising top accounts only,88,Attended webinar on pipeline coverage and reactivation,7,Interested in operational efficiency more than net-new tooling,61,dealspring87.com
Liam Doyle,liam.doyle@crewstack.com,Revenue Operations Director,CrewStack,Sales Enablement Software,75,Miami USA,Building a new enterprise sales team,opportunity,91,Discussed pipeline follow-up was too manual,78,Opened recap email,22,Founder was interested but wanted to revisit post-quarter,74,crewstack.com
Laura Dubois,laura.dubois@metricforge.com,Head of RevOps,MetricForge,B2B SaaS,340,Barcelona Spain,Hiring first enablement lead,stalled,12,Discussed rep productivity and prioritisation were becoming a concern,69,Opened recap email,7,Mentioned rep productivity and prioritisation were becoming a concern,69,metricforge.com
Emily Walsh,emily.walsh@closelayer85.com,Sales Director,CloseLayer 85,Sales Enablement Software,60,Paris France,Hiring RevOps Manager,lead,91,Discussed good-fit opportunities were sitting untouched in the CRM,44,Opened pricing follow-up email,22,Founder was interested but wanted to revisit post-quarter,53,closelayer85.com
Liam Brooks,liam.brooks@growpilot.com,Commercial Director,GrowPilot,AdTech SaaS,220,Paris France,Hiring 3 SDRs and 1 AE,opportunity,64,Discussed forecasting and pipeline visibility were weak,78,Opened follow-up twice,33,Wanted better prioritisation across stale pipeline,69,growpilot.com
Owen Walsh,owen.walsh@outreachos41.com,VP Revenue Operations,OutreachOS 41,Marketing Software,35,Manchester UK,Raised Series A 6 months ago,stalled,18,Discussed rep productivity and prioritisation were becoming a concern,57,Opened recap email,31,Interested in operational efficiency more than net-new tooling,69,outreachos41.com
Eva Weber,eva.weber@quotapath20.com,Revenue Operations Director,QuotaPath 20,Customer Support Software,60,Barcelona Spain,Hiring 3 SDRs and 1 AE,lead,18,Discussed forecasting and pipeline visibility were weak,78,Attended webinar on pipeline coverage and reactivation,16,Wanted better prioritisation across stale pipeline,53,quotapath20.com
Alex Fischer,alex.fischer@shipvista64.com,VP Revenue Operations,ShipVista 64,B2B SaaS,340,Manchester UK,Hiring 3 SDRs and 1 AE,lead,18,Discussed pipeline follow-up was too manual,78,Opened pricing follow-up email,22,Interested in operational efficiency more than net-new tooling,74,shipvista64.com
Rachel Rossi,rachel.rossi@adlift.com,Head of Growth,AdLift,FinTech SaaS,190,Copenhagen Denmark,Expanding into US market,lead,18,Discussed lead handoff between marketing and sales was messy,69,Recent discovery call,28,,0,adlift.com
Jonas Hughes,jonas.hughes@crewstack.com,Founder,CrewStack,Sales Enablement Software,75,Miami USA,Building a new enterprise sales team,lead,72,Discussed rep productivity and prioritisation were becoming a concern,57,Clicked case study about dormant lead recovery,31,Interested in operational efficiency more than net-new tooling,41,crewstack.com
Sam Rossi,sam.rossi@prospectiq21.com,VP Marketing,ProspectIQ 21,FinTech SaaS,340,Paris France,Hiring first enablement lead,lead,39,Discussed they wanted better commercial efficiency without more headcount,57,Opened recap email,33,Founder was interested but wanted to revisit post-quarter,74,prospectiq21.com
Hannah Rossi,hannah.rossi@dealspring63.com,Head of Sales,DealSpring 63,B2B SaaS,220,Miami USA,Hiring first enablement lead,opportunity,83,Discussed timing was poor despite strong fit,44,Clicked case study about dormant lead recovery,16,,0,dealspring63.com
Jonas Reid,jonas.reid@pipelineiq74.com,VP Marketing,PipelineIQ 74,Revenue Operations Software,130,Berlin Germany,Building a new enterprise sales team,lead,24,Discussed CRM hygiene issues were slowing the team down,88,Recent discovery call,28,Mentioned CRM hygiene issues were slowing the team down,53,pipelineiq74.com
Hannah OSullivan,hannah.osullivan@navisync71.com,VP Revenue Operations,Navisync 71,Customer Support Software,280,Stockholm Sweden,Expanding partner channel,opportunity,31,Discussed lead handoff between marketing and sales was messy,78,Opened recap email,22,Interested in operational efficiency more than net-new tooling,61,navisync71.com
Mason Murphy,mason.murphy@shipvista16.com,COO,ShipVista 16,HR Software,160,Lisbon Portugal,Hiring RevOps Manager,stalled,72,Discussed pipeline follow-up was too manual,44,Clicked case study about dormant lead recovery,12,Founder was interested but wanted to revisit post-quarter,41,shipvista16.com
James Brooks,james.brooks@dealspring63.com,RevOps Manager,DealSpring 63,B2B SaaS,220,Miami USA,Hiring first enablement lead,opportunity,58,Discussed they wanted better commercial efficiency without more headcount,78,Opened recap email,16,Interested in operational efficiency more than net-new tooling,74,dealspring63.com
Noah Walsh,noah.walsh@dealspring.com,VP Revenue Operations,DealSpring,Marketing Software,130,Dublin Ireland,Hiring first enablement lead,lead,83,Discussed they wanted better commercial efficiency without more headcount,78,Opened follow-up twice,16,Mentioned they wanted better commercial efficiency without more headcount,53,dealspring.com
Owen Meyer,owen.meyer@flowmetrics27.com,Head of Sales,FlowMetrics 27,Marketing Software,110,Sydney Australia,Hiring RevOps Manager,lead,31,Discussed CRM hygiene issues were slowing the team down,69,Attended webinar on pipeline coverage and reactivation,22,Mentioned CRM hygiene issues were slowing the team down,41,flowmetrics27.com
Mason Walsh,mason.walsh@shipvista40.com,Director of Sales,ShipVista 40,FinTech SaaS,280,London UK,Expanding into US market,lead,64,Discussed sales team was prioritising top accounts only,88,Opened follow-up twice,22,Mentioned sales team was prioritising top accounts only,69,shipvista40.com
Mason Meyer,mason.meyer@dealspring87.com,Revenue Operations Director,DealSpring 87,Logistics SaaS,280,New York USA,Hiring RevOps Manager,lead,18,Discussed forecasting and pipeline visibility were weak,88,Opened recap email,28,,0,dealspring87.com
Daniel Richter,daniel.richter@logihub58.com,VP Revenue Operations,LogiHub 58,Customer Support Software,35,Berlin Germany,Reviewing sales process and funnel leakage,lead,45,Discussed CRM hygiene issues were slowing the team down,88,Opened recap email,22,Mentioned CRM hygiene issues were slowing the team down,69,logihub58.com
Sophie Shaw,sophie.shaw@closelayer85.com,Revenue Operations Director,CloseLayer 85,Sales Enablement Software,60,Paris France,Hiring RevOps Manager,opportunity,64,Discussed pipeline follow-up was too manual,78,Attended webinar on pipeline coverage and reactivation,22,Interested in operational efficiency more than net-new tooling,61,closelayer85.com
Maria Wright,maria.wright@demandforge76.com,Head of Growth,DemandForge 76,Marketing Software,35,Barcelona Spain,Expanding partner channel,opportunity,64,Discussed rep productivity and prioritisation were becoming a concern,57,Attended webinar on pipeline coverage and reactivation,22,,0,demandforge76.com
Hannah Quinn,hannah.quinn@growpilot81.com,Director of Sales,GrowPilot 81,FinTech SaaS,90,Stockholm Sweden,Building a new enterprise sales team,lead,24,Discussed timing was poor despite strong fit,57,Clicked case study about dormant lead recovery,12,,0,growpilot81.com
Maria Flynn,maria.flynn@logihub.com,Sales Director,LogiHub,Operations SaaS,340,Copenhagen Denmark,Implementing new forecasting process,lead,104,Discussed they wanted better commercial efficiency without more headcount,88,Opened recap email,22,,0,logihub.com
Liam Weber,liam.weber@outreachos17.com,VP Revenue Operations,OutreachOS 17,Sales Enablement Software,35,New York USA,Scaling demand generation across EMEA,lead,83,Discussed timing was poor despite strong fit,69,Opened follow-up twice,7,Wanted better prioritisation across stale pipeline,74,outreachos17.com
Jonas Weber,jonas.weber@logihub.com,RevOps Manager,LogiHub,Operations SaaS,340,Copenhagen Denmark,Implementing new forecasting process,lead,45,Discussed timing was poor despite strong fit,44,Recent discovery call,9,Founder was interested but wanted to revisit post-quarter,74,logihub.com
Emily Weber,emily.weber@outreachos41.com,Commercial Director,OutreachOS 41,Marketing Software,35,Manchester UK,Raised Series A 6 months ago,opportunity,104,Discussed team was stretched and coverage was inconsistent,78,Opened follow-up twice,14,Wanted better prioritisation across stale pipeline,74,outreachos41.com
Sara Carter,sara.carter@closelayer37.com,Head of Sales,CloseLayer 37,Logistics SaaS,75,Dublin Ireland,Implementing new forecasting process,lead,104,Discussed forecasting and pipeline visibility were weak,44,Opened follow-up twice,12,Mentioned forecasting and pipeline visibility were weak,53,closelayer37.com
Laura Weber,laura.weber@leadorbit67.com,Head of Growth,LeadOrbit 67,Marketing Software,60,Dublin Ireland,Expanding partner channel,opportunity,24,Discussed forecasting and pipeline visibility were weak,69,Attended webinar on pipeline coverage and reactivation,28,Said timing was bad due to quarter-end priorities,61,leadorbit67.com
Owen Meyer,owen.meyer@dealspring63.com,COO,DealSpring 63,B2B SaaS,220,Miami USA,Hiring first enablement lead,opportunity,45,Discussed pipeline follow-up was too manual,69,Opened pricing follow-up email,33,,0,dealspring63.com
Jonas Brooks,jonas.brooks@pipelineiq26.com,Marketing Director,PipelineIQ 26,HR Software,110,Barcelona Spain,Hiring 3 SDRs and 1 AE,stalled,72,Discussed CRM hygiene issues were slowing the team down,69,Opened pricing follow-up email,12,Wanted better prioritisation across stale pipeline,61,pipelineiq26.com
Chloe Keane,chloe.keane@sellstack60.com,Revenue Operations Director,SellStack 60,Revenue Operations Software,130,Miami USA,Scaling demand generation across EMEA,lead,91,Discussed pipeline follow-up was too manual,69,Opened follow-up twice,28,,0,sellstack60.com
Ava Quinn,ava.quinn@signalpath78.com,Director of Sales,SignalPath 78,Logistics SaaS,190,Paris France,Launching new outbound motion,opportunity,91,Discussed rep productivity and prioritisation were becoming a concern,44,Recent discovery call,28,Founder was interested but wanted to revisit post-quarter,61,signalpath78.com
Noah Richter,noah.richter@flowmetrics.com,Director of Sales,FlowMetrics,FinTech SaaS,45,New York USA,Scaling demand generation across EMEA,customer,45,Discussed good-fit opportunities were sitting untouched in the CRM,57,Clicked case study about dormant lead recovery,12,Interested in operational efficiency more than net-new tooling,41,flowmetrics.com
Sam Kelly,sam.kelly@metricforge14.com,VP Revenue Operations,MetricForge 14,Operations SaaS,420,New York USA,Reviewing sales process and funnel leakage,opportunity,64,Discussed rep productivity and prioritisation were becoming a concern,44,Recent discovery call,22,Founder was interested but wanted to revisit post-quarter,53,metricforge14.com
Emily Carter,emily.carter@opspilot53.com,Director of Sales,OpsPilot 53,Revenue Operations Software,160,Amsterdam Netherlands,Raised Series A 6 months ago,lead,91,Discussed they wanted better commercial efficiency without more headcount,57,Recent discovery call,31,Mentioned they wanted better commercial efficiency without more headcount,69,opspilot53.com
Jake Doyle,jake.doyle@navisync23.com,Head of RevOps,Navisync 23,Revenue Operations Software,280,Lisbon Portugal,Expanding partner channel,customer,72,Discussed timing was poor despite strong fit,78,Clicked case study about dormant lead recovery,33,Interested in operational efficiency more than net-new tooling,61,navisync23.com
Luke Fischer,luke.fischer@adlift80.com,Chief Revenue Officer,AdLift 80,Revenue Operations Software,60,Barcelona Spain,Hiring first enablement lead,lead,83,Discussed they wanted better commercial efficiency without more headcount,78,Opened recap email,16,Said timing was bad due to quarter-end priorities,74,adlift80.com
Daniel Jensen,daniel.jensen@quotapath44.com,Chief Revenue Officer,QuotaPath 44,FinTech SaaS,220,Stockholm Sweden,Launching new product line,lead,72,Discussed CRM hygiene issues were slowing the team down,69,Opened pricing follow-up email,31,Wanted better prioritisation across stale pipeline,74,quotapath44.com
Sophie Mills,sophie.mills@pismiami96.com,Chief Revenue Officer,PIS Miami 96,Customer Support Software,60,London UK,Hiring RevOps Manager,opportunity,18,Discussed timing was poor despite strong fit,44,Clicked case study about dormant lead recovery,16,Said timing was bad due to quarter-end priorities,74,pismiami96.com
Eva Walsh,eva.walsh@leadorbit.com,VP Revenue Operations,LeadOrbit,Marketing Software,75,Dublin Ireland,Reviewing sales process and funnel leakage,stalled,31,Discussed good-fit opportunities were sitting untouched in the CRM,69,Opened pricing follow-up email,28,Mentioned good-fit opportunities were sitting untouched in the CRM,69,leadorbit.com
Noah Shaw,noah.shaw@outreachos41.com,Revenue Operations Director,OutreachOS 41,Marketing Software,35,Manchester UK,Raised Series A 6 months ago,customer,45,Discussed sales team was prioritising top accounts only,44,Attended webinar on pipeline coverage and reactivation,9,,0,outreachos41.com
Ava Kelly,ava.kelly@sellstack60.com,Director of Sales,SellStack 60,Revenue Operations Software,130,Miami USA,Scaling demand generation across EMEA,lead,39,Discussed good-fit opportunities were sitting untouched in the CRM,57,Recent discovery call,31,Said timing was bad due to quarter-end priorities,74,sellstack60.com
Zoe Wright,zoe.wright@revscale.com,Head of Sales,RevScale,Analytics Software,45,London UK,Scaling demand generation across EMEA,lead,24,Discussed rep productivity and prioritisation were becoming a concern,88,Opened follow-up twice,28,Mentioned rep productivity and prioritisation were becoming a concern,61,revscale.com
Jonas Laurent,jonas.laurent@crewstack7.com,Head of Sales,CrewStack 7,Analytics Software,160,Copenhagen Denmark,Building a new enterprise sales team,lead,83,Discussed they wanted better commercial efficiency without more headcount,78,Opened pricing follow-up email,9,Said timing was bad due to quarter-end priorities,74,crewstack7.com
Barry Power,barry.power@prospectiq45.com,Head of Growth,ProspectIQ 45,Logistics SaaS,420,Barcelona Spain,Reviewing sales process and funnel leakage,opportunity,91,Discussed CRM hygiene issues were slowing the team down,69,Opened recap email,7,Founder was interested but wanted to revisit post-quarter,61,prospectiq45.com
Rachel Walsh,rachel.walsh@crewstack7.com,Director of Sales,CrewStack 7,Analytics Software,160,Copenhagen Denmark,Building a new enterprise sales team,opportunity,18,Discussed rep productivity and prioritisation were becoming a concern,69,Opened pricing follow-up email,33,Founder was interested but wanted to revisit post-quarter,74,crewstack7.com
Sara Rossi,sara.rossi@opspilot77.com,Head of Sales,OpsPilot 77,HR Software,45,Dublin Ireland,Hiring first enablement lead,lead,58,Discussed team was stretched and coverage was inconsistent,78,Attended webinar on pipeline coverage and reactivation,16,,0,opspilot77.com
Noah Kelly,noah.kelly@flowmetrics.com,VP Revenue Operations,FlowMetrics,FinTech SaaS,45,New York USA,Scaling demand generation across EMEA,lead,91,Discussed pipeline follow-up was too manual,88,Recent discovery call,22,Interested in operational efficiency more than net-new tooling,41,flowmetrics.com
Ben Murphy,ben.murphy@clearfunnel22.com,Chief Revenue Officer,ClearFunnel 22,Operations SaaS,190,Dublin Ireland,Building a new enterprise sales team,opportunity,104,Discussed good-fit opportunities were sitting untouched in the CRM,78,Recent discovery call,12,Interested in operational efficiency more than net-new tooling,41,clearfunnel22.com
Nina Weber,nina.weber@quotapath68.com,Head of Sales,QuotaPath 68,Marketing Software,280,Amsterdam Netherlands,Reviewing sales process and funnel leakage,lead,12,Discussed sales team was prioritising top accounts only,44,Attended webinar on pipeline coverage and reactivation,16,Founder was interested but wanted to revisit post-quarter,69,quotapath68.com
Ben Fischer,ben.fischer@growpilot81.com,Founder,GrowPilot 81,FinTech SaaS,90,Stockholm Sweden,Building a new enterprise sales team,lead,83,Discussed sales team was prioritising top accounts only,69,Attended webinar on pipeline coverage and reactivation,7,,0,growpilot81.com
Natalie Laurent,natalie.laurent@leadorbit19.com,COO,LeadOrbit 19,Analytics Software,110,Dublin Ireland,Hiring RevOps Manager,lead,52,Discussed good-fit opportunities were sitting untouched in the CRM,78,Attended webinar on pipeline coverage and reactivation,12,Said timing was bad due to quarter-end priorities,87,leadorbit19.com
Noah Reid,noah.reid@shipvista40.com,COO,ShipVista 40,FinTech SaaS,280,London UK,Expanding into US market,opportunity,104,Discussed pipeline follow-up was too manual,78,Opened pricing follow-up email,28,Founder was interested but wanted to revisit post-quarter,53,shipvista40.com
Jonas Murphy,jonas.murphy@clearfunnel46.com,VP Revenue Operations,ClearFunnel 46,Logistics SaaS,45,Dublin Ireland,Building a new enterprise sales team,lead,83,Discussed timing was poor despite strong fit,69,Opened recap email,28,Interested in operational efficiency more than net-new tooling,87,clearfunnel46.com
Noah Weber,noah.weber@growpilot33.com,Head of Sales,GrowPilot 33,Customer Support Software,75,Lisbon Portugal,Scaling demand generation across EMEA,opportunity,45,Discussed they wanted better commercial efficiency without more headcount,78,Attended webinar on pipeline coverage and reactivation,7,Mentioned they wanted better commercial efficiency without more headcount,87,growpilot33.com
Emily Collins,emily.collins@logihub58.com,Head of Growth,LogiHub 58,Customer Support Software,35,Berlin Germany,Reviewing sales process and funnel leakage,stalled,83,Discussed CRM hygiene issues were slowing the team down,44,Clicked case study about dormant lead recovery,31,Mentioned CRM hygiene issues were slowing the team down,53,logihub58.com
Eleanor Flynn,eleanor.flynn@growpilot.com,Sales Director,GrowPilot,AdTech SaaS,220,Paris France,Hiring 3 SDRs and 1 AE,lead,52,Discussed they wanted better commercial efficiency without more headcount,44,Opened follow-up twice,12,,0,growpilot.com
Noah Collins,noah.collins@logihub34.com,RevOps Manager,LogiHub 34,FinTech SaaS,75,Miami USA,Hiring RevOps Manager,stalled,72,Discussed CRM hygiene issues were slowing the team down,88,Attended webinar on pipeline coverage and reactivation,28,Wanted better prioritisation across stale pipeline,87,logihub34.com
Eleanor Laurent,eleanor.laurent@sellstack12.com,Head of Sales,SellStack 12,Operations SaaS,190,Barcelona Spain,Raised Series A 6 months ago,opportunity,58,Discussed rep productivity and prioritisation were becoming a concern,78,Opened follow-up twice,9,Wanted better prioritisation across stale pipeline,61,sellstack12.com
Laura Becker,laura.becker@leadorbit67.com,Commercial Director,LeadOrbit 67,Marketing Software,60,Dublin Ireland,Expanding partner channel,lead,58,Discussed sales team was prioritising top accounts only,44,Clicked case study about dormant lead recovery,9,Said timing was bad due to quarter-end priorities,53,leadorbit67.com
Chloe Weber,chloe.weber@quotapath92.com,VP Revenue Operations,QuotaPath 92,AdTech SaaS,190,Miami USA,Reviewing sales process and funnel leakage,stalled,45,Discussed forecasting and pipeline visibility were weak,44,Opened follow-up twice,33,Wanted better prioritisation across stale pipeline,61,quotapath92.com
Maria Mills,maria.mills@closelayer85.com,Marketing Director,CloseLayer 85,Sales Enablement Software,60,Paris France,Hiring RevOps Manager,stalled,83,Discussed CRM hygiene issues were slowing the team down,69,Opened follow-up twice,14,Mentioned CRM hygiene issues were slowing the team down,53,closelayer85.com
Liam Shaw,liam.shaw@signalpath78.com,COO,SignalPath 78,Logistics SaaS,190,Paris France,Launching new outbound motion,lead,45,Discussed rep productivity and prioritisation were becoming a concern,88,Attended webinar on pipeline coverage and reactivation,31,Founder was interested but wanted to revisit post-quarter,53,signalpath78.com
Zoe Wright,zoe.wright@crewstack55.com,VP Revenue Operations,CrewStack 55,B2B SaaS,280,Lisbon Portugal,Hiring 3 SDRs and 1 AE,lead,91,Discussed good-fit opportunities were sitting untouched in the CRM,88,Opened recap email,28,Founder was interested but wanted to revisit post-quarter,41,crewstack55.com
Ava Power,ava.power@outreachos.com,VP Revenue Operations,OutreachOS,HR Software,75,Miami USA,Raised Series A 6 months ago,lead,83,Discussed rep productivity and prioritisation were becoming a concern,69,Clicked case study about dormant lead recovery,33,,0,outreachos.com
Maria Flynn,maria.flynn@demandforge52.com,Director of Sales,DemandForge 52,AdTech SaaS,60,Copenhagen Denmark,Launching new outbound motion,lead,12,Discussed pipeline follow-up was too manual,88,Clicked case study about dormant lead recovery,16,Interested in operational efficiency more than net-new tooling,53,demandforge52.com
Alex Mills,alex.mills@convertloop18.com,Head of RevOps,ConvertLoop 18,Marketing Software,280,Lisbon Portugal,Hiring RevOps Manager,lead,64,Discussed timing was poor despite strong fit,44,Attended webinar on pipeline coverage and reactivation,14,,0,convertloop18.com
Natalie Carter,natalie.carter@navisync47.com,Sales Director,Navisync 47,Customer Support Software,110,Copenhagen Denmark,Reviewing sales process and funnel leakage,lead,64,Discussed pipeline follow-up was too manual,88,Recent discovery call,12,Founder was interested but wanted to revisit post-quarter,74,navisync47.com
Maria Keane,maria.keane@quotapath.com,Commercial Director,QuotaPath,Revenue Operations Software,160,New York USA,Implementing new forecasting process,opportunity,72,Discussed forecasting and pipeline visibility were weak,88,Opened pricing follow-up email,7,Mentioned forecasting and pipeline visibility were weak,41,quotapath.com
Nina Novak,nina.novak@funnelpilot59.com,Founder,FunnelPilot 59,B2B SaaS,130,Paris France,Launching new product line,opportunity,104,Discussed they wanted better commercial efficiency without more headcount,78,Opened follow-up twice,7,Said timing was bad due to quarter-end priorities,87,funnelpilot59.com
Jonas Power,jonas.power@clearfunnel46.com,Founder,ClearFunnel 46,Logistics SaaS,45,Dublin Ireland,Building a new enterprise sales team,lead,104,Discussed lead handoff between marketing and sales was messy,69,Opened recap email,9,,0,clearfunnel46.com
Maria Weber,maria.weber@adlift.com,Revenue Operations Director,AdLift,FinTech SaaS,190,Copenhagen Denmark,Expanding into US market,lead,31,Discussed forecasting and pipeline visibility were weak,88,Clicked case study about dormant lead recovery,22,,0,adlift.com
Mason Moran,mason.moran@outreachos17.com,VP Marketing,OutreachOS 17,Sales Enablement Software,35,New York USA,Scaling demand generation across EMEA,customer,24,Discussed forecasting and pipeline visibility were weak,88,Opened follow-up twice,9,Wanted better prioritisation across stale pipeline,53,outreachos17.com
Sophie Brooks,sophie.brooks@sellstack36.com,RevOps Manager,SellStack 36,AdTech SaaS,190,Barcelona Spain,Raised Series A 6 months ago,lead,18,Discussed team was stretched and coverage was inconsistent,69,Opened recap email,28,Interested in operational efficiency more than net-new tooling,53,sellstack36.com
Ava Reid,ava.reid@growpilot81.com,Commercial Director,GrowPilot 81,FinTech SaaS,90,Stockholm Sweden,Building a new enterprise sales team,opportunity,31,Discussed CRM hygiene issues were slowing the team down,78,Opened follow-up twice,31,Said timing was bad due to quarter-end priorities,61,growpilot81.com
Barry Wright,barry.wright@shipvista40.com,Revenue Operations Director,ShipVista 40,FinTech SaaS,280,London UK,Expanding into US market,opportunity,31,Discussed sales team was prioritising top accounts only,88,Attended webinar on pipeline coverage and reactivation,7,Mentioned sales team was prioritising top accounts only,61,shipvista40.com
Owen Dunne,owen.dunne@shipvista40.com,Chief Revenue Officer,ShipVista 40,FinTech SaaS,280,London UK,Expanding into US market,opportunity,58,Discussed timing was poor despite strong fit,88,Opened pricing follow-up email,9,Said timing was bad due to quarter-end priorities,53,shipvista40.com
Natalie Doyle,natalie.doyle@outreachos89.com,VP Marketing,OutreachOS 89,Marketing Software,280,Copenhagen Denmark,Hiring RevOps Manager,stalled,45,Discussed team was stretched and coverage was inconsistent,78,Opened pricing follow-up email,33,Interested in operational efficiency more than net-new tooling,61,outreachos89.com
Jonas Wright,jonas.wright@navisync47.com,Revenue Operations Director,Navisync 47,Customer Support Software,110,Copenhagen Denmark,Reviewing sales process and funnel leakage,opportunity,104,Discussed rep productivity and prioritisation were becoming a concern,69,Opened follow-up twice,9,Interested in operational efficiency more than net-new tooling,41,navisync47.com
Noah Kelly,noah.kelly@flowmetrics27.com,VP Marketing,FlowMetrics 27,Marketing Software,110,Sydney Australia,Hiring RevOps Manager,opportunity,45,Discussed CRM hygiene issues were slowing the team down,57,Opened follow-up twice,33,Said timing was bad due to quarter-end priorities,74,flowmetrics27.com
Anna Meyer,anna.meyer@signalpath.com,Director of Sales,SignalPath,Logistics SaaS,190,Stockholm Sweden,Hiring 3 SDRs and 1 AE,opportunity,104,Discussed good-fit opportunities were sitting untouched in the CRM,88,Opened recap email,12,Founder was interested but wanted to revisit post-quarter,74,signalpath.com
Ava Reid,ava.reid@convertloop.com,Commercial Director,ConvertLoop,B2B SaaS,280,Amsterdam Netherlands,Hiring RevOps Manager,lead,52,Discussed they wanted better commercial efficiency without more headcount,69,Opened follow-up twice,22,Founder was interested but wanted to revisit post-quarter,74,convertloop.com
Max Mills,max.mills@prospectiq45.com,Commercial Director,ProspectIQ 45,Logistics SaaS,420,Barcelona Spain,Reviewing sales process and funnel leakage,lead,12,Discussed forecasting and pipeline visibility were weak,69,Recent discovery call,9,Said timing was bad due to quarter-end priorities,74,prospectiq45.com
Luke Dunne,luke.dunne@shipvista16.com,Marketing Director,ShipVista 16,HR Software,160,Lisbon Portugal,Hiring RevOps Manager,stalled,83,Discussed team was stretched and coverage was inconsistent,88,Opened recap email,16,,0,shipvista16.com
Nina Novak,nina.novak@opspilot77.com,Commercial Director,OpsPilot 77,HR Software,45,Dublin Ireland,Hiring first enablement lead,lead,12,Discussed they wanted better commercial efficiency without more headcount,78,Clicked case study about dormant lead recovery,33,,0,opspilot77.com
Owen Flynn,owen.flynn@prospectiq69.com,Chief Revenue Officer,ProspectIQ 69,Marketing Software,220,Amsterdam Netherlands,Expanding partner channel,lead,83,Discussed sales team was prioritising top accounts only,44,Opened follow-up twice,9,Interested in operational efficiency more than net-new tooling,41,prospectiq69.com
Ava Walsh,ava.walsh@growpilot33.com,Director of Sales,GrowPilot 33,Customer Support Software,75,Lisbon Portugal,Scaling demand generation across EMEA,lead,31,Discussed lead handoff between marketing and sales was messy,88,Opened follow-up twice,31,,0,growpilot33.com
Anna Mills,anna.mills@clearfunnel70.com,Director of Sales,ClearFunnel 70,HR Software,35,Stockholm Sweden,Raised Series A 6 months ago,opportunity,64,Discussed forecasting and pipeline visibility were weak,78,Opened follow-up twice,28,Wanted better prioritisation across stale pipeline,53,clearfunnel70.com
Alex Rossi,alex.rossi@funnelpilot35.com,VP Marketing,FunnelPilot 35,Customer Support Software,280,New York USA,Implementing new forecasting process,opportunity,83,Discussed timing was poor despite strong fit,88,Opened recap email,14,Interested in operational efficiency more than net-new tooling,61,funnelpilot35.com
Jonas Shaw,jonas.shaw@pismiami48.com,Founder,PIS Miami 48,AdTech SaaS,340,London UK,Building a new enterprise sales team,stalled,91,Discussed sales team was prioritising top accounts only,78,Attended webinar on pipeline coverage and reactivation,31,Wanted better prioritisation across stale pipeline,74,pismiami48.com
Alex Kelly,alex.kelly@pismiami96.com,Marketing Director,PIS Miami 96,Customer Support Software,60,London UK,Hiring RevOps Manager,lead,18,Discussed they wanted better commercial efficiency without more headcount,88,Opened recap email,28,Wanted better prioritisation across stale pipeline,53,pismiami96.com
Anna Richter,anna.richter@metricforge14.com,Marketing Director,MetricForge 14,Operations SaaS,420,New York USA,Reviewing sales process and funnel leakage,lead,58,Discussed timing was poor despite strong fit,78,Clicked case study about dormant lead recovery,14,Founder was interested but wanted to revisit post-quarter,61,metricforge14.com
Ben Mills,ben.mills@pismiami96.com,Founder,PIS Miami 96,Customer Support Software,60,London UK,Hiring RevOps Manager,lead,72,Discussed they wanted better commercial efficiency without more headcount,57,Clicked case study about dormant lead recovery,7,,0,pismiami96.com
Sara Shaw,sara.shaw@quotapath92.com,Sales Director,QuotaPath 92,AdTech SaaS,190,Miami USA,Reviewing sales process and funnel leakage,lead,18,Discussed lead handoff between marketing and sales was messy,69,Recent discovery call,31,Mentioned lead handoff between marketing and sales was messy,87,quotapath92.com
Liam OSullivan,liam.osullivan@flowmetrics75.com,Head of Growth,FlowMetrics 75,Analytics Software,90,Barcelona Spain,Implementing new forecasting process,customer,24,Discussed lead handoff between marketing and sales was messy,78,Opened recap email,14,Wanted better prioritisation across stale pipeline,61,flowmetrics75.com
Hannah Meyer,hannah.meyer@closelayer13.com,COO,CloseLayer 13,B2B SaaS,45,Berlin Germany,Building a new enterprise sales team,lead,72,Discussed sales team was prioritising top accounts only,88,Recent discovery call,7,Interested in operational efficiency more than net-new tooling,69,closelayer13.com
Eva Jensen,eva.jensen@outreachos89.com,Head of Sales,OutreachOS 89,Marketing Software,280,Copenhagen Denmark,Hiring RevOps Manager,customer,52,Discussed good-fit opportunities were sitting untouched in the CRM,57,Recent discovery call,16,Mentioned good-fit opportunities were sitting untouched in the CRM,41,outreachos89.com
Rachel Hughes,rachel.hughes@dealspring15.com,VP Revenue Operations,DealSpring 15,HR Software,45,Copenhagen Denmark,Reviewing sales process and funnel leakage,stalled,45,Discussed timing was poor despite strong fit,78,Recent discovery call,33,Founder was interested but wanted to revisit post-quarter,69,dealspring15.com
Liam Moran,liam.moran@convertloop90.com,Head of Growth,ConvertLoop 90,B2B SaaS,35,Manchester UK,Launching new outbound motion,lead,31,Discussed pipeline follow-up was too manual,69,Clicked case study about dormant lead recovery,31,,0,convertloop90.com
Chloe Jensen,chloe.jensen@growpilot9.com,Head of Sales,GrowPilot 9,Logistics SaaS,340,Lisbon Portugal,Hiring first enablement lead,opportunity,104,Discussed timing was poor despite strong fit,88,Recent discovery call,14,Interested in operational efficiency more than net-new tooling,74,growpilot9.com
Hannah Dunne,hannah.dunne@metricforge86.com,Revenue Operations Director,MetricForge 86,HR Software,75,Miami USA,Implementing new forecasting process,stalled,64,Discussed forecasting and pipeline visibility were weak,44,Opened recap email,9,Interested in operational efficiency more than net-new tooling,53,metricforge86.com
Ava Reid,ava.reid@metricforge38.com,Head of RevOps,MetricForge 38,B2B SaaS,220,Lisbon Portugal,Expanding into US market,lead,52,Discussed sales team was prioritising top accounts only,78,Attended webinar on pipeline coverage and reactivation,22,Wanted better prioritisation across stale pipeline,74,metricforge38.com
Rachel OSullivan,rachel.osullivan@prospectiq69.com,Founder,ProspectIQ 69,Marketing Software,220,Amsterdam Netherlands,Expanding partner channel,opportunity,91,Discussed sales team was prioritising top accounts only,44,Recent discovery call,9,Said timing was bad due to quarter-end priorities,61,prospectiq69.com
Emily Keane,emily.keane@prospectiq.com,Head of Growth,ProspectIQ,Operations SaaS,110,Manchester UK,Expanding into US market,stalled,91,Discussed timing was poor despite strong fit,44,Recent discovery call,16,Wanted better prioritisation across stale pipeline,74,prospectiq.com
Eleanor Carter,eleanor.carter@opspilot5.com,RevOps Manager,OpsPilot 5,Customer Support Software,90,Dublin Ireland,Expanding into US market,lead,91,Discussed they wanted better commercial efficiency without more headcount,69,Opened recap email,33,Said timing was bad due to quarter-end priorities,74,opspilot5.com
Jake Quinn,jake.quinn@crewstack79.com,Head of RevOps,CrewStack 79,Maritime Workforce SaaS,45,Amsterdam Netherlands,Implementing new forecasting process,stalled,83,Discussed they wanted better commercial efficiency without more headcount,44,Opened follow-up twice,31,Founder was interested but wanted to revisit post-quarter,87,crewstack79.com
James Reid,james.reid@navisync23.com,Commercial Director,Navisync 23,Revenue Operations Software,280,Lisbon Portugal,Expanding partner channel,lead,64,Discussed rep productivity and prioritisation were becoming a concern,57,Opened follow-up twice,33,Interested in operational efficiency more than net-new tooling,53,navisync23.com
Sam Dubois,sam.dubois@convertloop18.com,RevOps Manager,ConvertLoop 18,Marketing Software,280,Lisbon Portugal,Hiring RevOps Manager,lead,31,Discussed they wanted better commercial efficiency without more headcount,78,Opened pricing follow-up email,33,Said timing was bad due to quarter-end priorities,41,convertloop18.com
Liam Dubois,liam.dubois@funnelpilot35.com,Revenue Operations Director,FunnelPilot 35,Customer Support Software,280,New York USA,Implementing new forecasting process,lead,12,Discussed rep productivity and prioritisation were becoming a concern,78,Recent discovery call,16,,0,funnelpilot35.com
Emily Brooks,emily.brooks@flowmetrics.com,Chief Revenue Officer,FlowMetrics,FinTech SaaS,45,New York USA,Scaling demand generation across EMEA,lead,31,Discussed they wanted better commercial efficiency without more headcount,44,Opened pricing follow-up email,28,Wanted better prioritisation across stale pipeline,87,flowmetrics.com
Ben Meyer,ben.meyer@growpilot.com,VP Revenue Operations,GrowPilot,AdTech SaaS,220,Paris France,Hiring 3 SDRs and 1 AE,customer,58,Discussed team was stretched and coverage was inconsistent,69,Opened recap email,12,Interested in operational efficiency more than net-new tooling,87,growpilot.com
Hannah Walsh,hannah.walsh@clearfunnel70.com,VP Marketing,ClearFunnel 70,HR Software,35,Stockholm Sweden,Raised Series A 6 months ago,customer,52,Discussed good-fit opportunities were sitting untouched in the CRM,78,Opened recap email,9,,0,clearfunnel70.com
Sam Rossi,sam.rossi@closelayer61.com,Director of Sales,CloseLayer 61,Sales Enablement Software,280,Miami USA,Launching new product line,opportunity,45,Discussed pipeline follow-up was too manual,57,Opened follow-up twice,28,Founder was interested but wanted to revisit post-quarter,53,closelayer61.com
Eleanor Quinn,eleanor.quinn@clearfunnel70.com,Head of Sales,ClearFunnel 70,HR Software,35,Stockholm Sweden,Raised Series A 6 months ago,stalled,39,Discussed good-fit opportunities were sitting untouched in the CRM,88,Opened recap email,33,Said timing was bad due to quarter-end priorities,53,clearfunnel70.com
Laura Collins,laura.collins@adlift8.com,Director of Sales,AdLift 8,AdTech SaaS,60,Paris France,Launching new outbound motion,lead,91,Discussed pipeline follow-up was too manual,44,Recent discovery call,28,Founder was interested but wanted to revisit post-quarter,41,adlift8.com
Tom Wright,tom.wright@crewstack7.com,VP Revenue Operations,CrewStack 7,Analytics Software,160,Copenhagen Denmark,Building a new enterprise sales team,opportunity,58,Discussed they wanted better commercial efficiency without more headcount,44,Clicked case study about dormant lead recovery,7,Said timing was bad due to quarter-end priorities,69,crewstack7.com
Ben Becker,ben.becker@signalpath6.com,COO,SignalPath 6,HR Software,340,Manchester UK,Expanding into US market,stalled,12,Discussed CRM hygiene issues were slowing the team down,88,Attended webinar on pipeline coverage and reactivation,14,,0,signalpath6.com
Ava Novak,ava.novak@pipelineiq50.com,Commercial Director,PipelineIQ 50,Customer Support Software,340,Manchester UK,Raised Series A 6 months ago,stalled,45,Discussed sales team was prioritising top accounts only,69,Clicked case study about dormant lead recovery,33,Interested in operational efficiency more than net-new tooling,69,pipelineiq50.com
Natalie Meyer,natalie.meyer@dealspring15.com,Head of Growth,DealSpring 15,HR Software,45,Copenhagen Denmark,Reviewing sales process and funnel leakage,stalled,91,Discussed CRM hygiene issues were slowing the team down,78,Opened follow-up twice,31,Mentioned CRM hygiene issues were slowing the team down,61,dealspring15.com
Jake Byrne,jake.byrne@funnelpilot59.com,COO,FunnelPilot 59,B2B SaaS,130,Paris France,Launching new product line,opportunity,91,Discussed lead handoff between marketing and sales was messy,78,Clicked case study about dormant lead recovery,16,Said timing was bad due to quarter-end priorities,53,funnelpilot59.com
Ben Fischer,ben.fischer@revscale73.com,Head of RevOps,RevScale 73,Analytics Software,340,Manchester UK,Expanding into US market,stalled,39,Discussed CRM hygiene issues were slowing the team down,78,Opened pricing follow-up email,33,Said timing was bad due to quarter-end priorities,69,revscale73.com
Sara Carter,sara.carter@pismiami48.com,Revenue Operations Director,PIS Miami 48,AdTech SaaS,340,London UK,Building a new enterprise sales team,lead,31,Discussed forecasting and pipeline visibility were weak,44,Opened recap email,22,Mentioned forecasting and pipeline visibility were weak,74,pismiami48.com
Eva Becker,eva.becker@prospectiq69.com,Head of Sales,ProspectIQ 69,Marketing Software,220,Amsterdam Netherlands,Expanding partner channel,lead,83,Discussed they wanted better commercial efficiency without more headcount,88,Opened pricing follow-up email,9,Interested in operational efficiency more than net-new tooling,74,prospectiq69.com
Jake Rossi,jake.rossi@prospectiq69.com,Head of RevOps,ProspectIQ 69,Marketing Software,220,Amsterdam Netherlands,Expanding partner channel,lead,45,Discussed timing was poor despite strong fit,44,Clicked case study about dormant lead recovery,14,,0,prospectiq69.com
Mason Flynn,mason.flynn@shipvista.com,RevOps Manager,ShipVista,Revenue Operations Software,280,Stockholm Sweden,Implementing new forecasting process,stalled,91,Discussed they wanted better commercial efficiency without more headcount,57,Opened recap email,14,Founder was interested but wanted to revisit post-quarter,61,shipvista.com
Jonas Byrne,jonas.byrne@demandforge76.com,RevOps Manager,DemandForge 76,Marketing Software,35,Barcelona Spain,Expanding partner channel,opportunity,45,Discussed timing was poor despite strong fit,69,Attended webinar on pipeline coverage and reactivation,33,Said timing was bad due to quarter-end priorities,69,demandforge76.com
Luke Doyle,luke.doyle@closelayer.com,RevOps Manager,CloseLayer,Maritime Workforce SaaS,110,Stockholm Sweden,Hiring RevOps Manager,stalled,45,Discussed sales team was prioritising top accounts only,69,Attended webinar on pipeline coverage and reactivation,28,Mentioned sales team was prioritising top accounts only,74,closelayer.com
Eleanor Doyle,eleanor.doyle@dealspring87.com,Director of Sales,DealSpring 87,Logistics SaaS,280,New York USA,Hiring RevOps Manager,lead,64,Discussed they wanted better commercial efficiency without more headcount,88,Recent discovery call,28,Wanted better prioritisation across stale pipeline,53,dealspring87.com
Ava Shaw,ava.shaw@pipelineiq2.com,Revenue Operations Director,PipelineIQ 2,Analytics Software,340,Lisbon Portugal,Expanding into US market,opportunity,31,Discussed good-fit opportunities were sitting untouched in the CRM,88,Recent discovery call,22,Wanted better prioritisation across stale pipeline,69,pipelineiq2.com
Hannah Doyle,hannah.doyle@prospectiq69.com,RevOps Manager,ProspectIQ 69,Marketing Software,220,Amsterdam Netherlands,Expanding partner channel,lead,91,Discussed forecasting and pipeline visibility were weak,57,Clicked case study about dormant lead recovery,33,Said timing was bad due to quarter-end priorities,53,prospectiq69.com
Zoe Rossi,zoe.rossi@clearfunnel94.com,Sales Director,ClearFunnel 94,FinTech SaaS,60,Lisbon Portugal,Hiring 3 SDRs and 1 AE,customer,64,Discussed team was stretched and coverage was inconsistent,44,Recent discovery call,7,Mentioned team was stretched and coverage was inconsistent,69,clearfunnel94.com
Eva Power,eva.power@convertloop.com,Head of RevOps,ConvertLoop,B2B SaaS,280,Amsterdam Netherlands,Hiring RevOps Manager,lead,24,Discussed team was stretched and coverage was inconsistent,57,Opened follow-up twice,31,Wanted better prioritisation across stale pipeline,41,convertloop.com
Hannah Keane,hannah.keane@adlift56.com,Commercial Director,AdLift 56,Marketing Software,420,Amsterdam Netherlands,Launching new outbound motion,stalled,83,Discussed good-fit opportunities were sitting untouched in the CRM,44,Opened pricing follow-up email,33,Founder was interested but wanted to revisit post-quarter,69,adlift56.com
Barry Dubois,barry.dubois@pipelineiq.com,Marketing Director,PipelineIQ,Revenue Operations Software,75,Amsterdam Netherlands,Launching new outbound motion,lead,39,Discussed team was stretched and coverage was inconsistent,88,Recent discovery call,28,Interested in operational efficiency more than net-new tooling,41,pipelineiq.com
Sophie Dubois,sophie.dubois@clearfunnel94.com,Director of Sales,ClearFunnel 94,FinTech SaaS,60,Lisbon Portugal,Hiring 3 SDRs and 1 AE,lead,72,Discussed rep productivity and prioritisation were becoming a concern,69,Attended webinar on pipeline coverage and reactivation,16,Said timing was bad due to quarter-end priorities,41,clearfunnel94.com
Emily Weber,emily.weber@pismiami24.com,Commercial Director,PIS Miami 24,Logistics SaaS,60,Manchester UK,Launching new outbound motion,lead,91,Discussed sales team was prioritising top accounts only,69,Recent discovery call,9,,0,pismiami24.com
Hannah Flynn,hannah.flynn@metricforge86.com,Head of Sales,MetricForge 86,HR Software,75,Miami USA,Implementing new forecasting process,lead,52,Discussed lead handoff between marketing and sales was messy,88,Opened recap email,7,,0,metricforge86.com
Chloe Jensen,chloe.jensen@pipelineiq.com,VP Revenue Operations,PipelineIQ,Revenue Operations Software,75,Amsterdam Netherlands,Launching new outbound motion,lead,52,Discussed forecasting and pipeline visibility were weak,88,Opened pricing follow-up email,33,Mentioned forecasting and pipeline visibility were weak,53,pipelineiq.com
Zoe Moran,zoe.moran@demandforge4.com,Marketing Director,DemandForge 4,Logistics SaaS,35,Sydney Australia,Implementing new forecasting process,stalled,58,Discussed timing was poor despite strong fit,44,Opened pricing follow-up email,16,Founder was interested but wanted to revisit post-quarter,74,demandforge4.com
Anna Jensen,anna.jensen@closelayer61.com,Chief Revenue Officer,CloseLayer 61,Sales Enablement Software,280,Miami USA,Launching new product line,lead,31,Discussed they wanted better commercial efficiency without more headcount,57,Recent discovery call,28,Mentioned they wanted better commercial efficiency without more headcount,61,closelayer61.com
Rachel Shaw,rachel.shaw@prospectiq.com,Commercial Director,ProspectIQ,Operations SaaS,110,Manchester UK,Expanding into US market,stalled,52,Discussed rep productivity and prioritisation were becoming a concern,69,Opened recap email,12,,0,prospectiq.com
James Dubois,james.dubois@prospectiq69.com,Marketing Director,ProspectIQ 69,Marketing Software,220,Amsterdam Netherlands,Expanding partner channel,customer,12,Discussed pipeline follow-up was too manual,78,Clicked case study about dormant lead recovery,9,Wanted better prioritisation across stale pipeline,74,prospectiq69.com
Owen Hughes,owen.hughes@flowmetrics75.com,Revenue Operations Director,FlowMetrics 75,Analytics Software,90,Barcelona Spain,Implementing new forecasting process,customer,45,Discussed team was stretched and coverage was inconsistent,69,Opened recap email,31,Interested in operational efficiency more than net-new tooling,61,flowmetrics75.com
Emily Walsh,emily.walsh@navisync47.com,Director of Sales,Navisync 47,Customer Support Software,110,Copenhagen Denmark,Reviewing sales process and funnel leakage,opportunity,83,Discussed lead handoff between marketing and sales was messy,44,Opened follow-up twice,16,Interested in operational efficiency more than net-new tooling,87,navisync47.com
James Brooks,james.brooks@logihub.com,Director of Sales,LogiHub,Operations SaaS,340,Copenhagen Denmark,Implementing new forecasting process,lead,104,Discussed CRM hygiene issues were slowing the team down,78,Attended webinar on pipeline coverage and reactivation,22,Mentioned CRM hygiene issues were slowing the team down,41,logihub.com
Jonas Weber,jonas.weber@revscale.com,VP Marketing,RevScale,Analytics Software,45,London UK,Scaling demand generation across EMEA,stalled,18,Discussed CRM hygiene issues were slowing the team down,44,Clicked case study about dormant lead recovery,28,Said timing was bad due to quarter-end priorities,74,revscale.com
Sara Walsh,sara.walsh@pismiami48.com,VP Revenue Operations,PIS Miami 48,AdTech SaaS,340,London UK,Building a new enterprise sales team,lead,45,Discussed rep productivity and prioritisation were becoming a concern,44,Opened follow-up twice,22,Said timing was bad due to quarter-end priorities,41,pismiami48.com
Daniel Byrne,daniel.byrne@metricforge14.com,COO,MetricForge 14,Operations SaaS,420,New York USA,Reviewing sales process and funnel leakage,lead,64,Discussed sales team was prioritising top accounts only,88,Opened follow-up twice,12,,0,metricforge14.com
Maria Carter,maria.carter@revscale25.com,Founder,RevScale 25,Sales Enablement Software,420,Lisbon Portugal,Hiring 3 SDRs and 1 AE,lead,58,Discussed CRM hygiene issues were slowing the team down,44,Clicked case study about dormant lead recovery,28,Wanted better prioritisation across stale pipeline,69,revscale25.com
Max Kelly,max.kelly@dealspring15.com,VP Revenue Operations,DealSpring 15,HR Software,45,Copenhagen Denmark,Reviewing sales process and funnel leakage,lead,31,Discussed good-fit opportunities were sitting untouched in the CRM,88,Opened follow-up twice,14,Said timing was bad due to quarter-end priorities,41,dealspring15.com
Jonas OSullivan,jonas.osullivan@convertloop.com,Revenue Operations Director,ConvertLoop,B2B SaaS,280,Amsterdam Netherlands,Hiring RevOps Manager,lead,72,Discussed lead handoff between marketing and sales was messy,69,Opened recap email,22,Said timing was bad due to quarter-end priorities,87,convertloop.com
Liam Richter,liam.richter@opspilot53.com,VP Marketing,OpsPilot 53,Revenue Operations Software,160,Amsterdam Netherlands,Raised Series A 6 months ago,opportunity,91,Discussed sales team was prioritising top accounts only,78,Attended webinar on pipeline coverage and reactivation,12,Said timing was bad due to quarter-end priorities,61,opspilot53.com
Mason Mills,mason.mills@metricforge14.com,Sales Director,MetricForge 14,Operations SaaS,420,New York USA,Reviewing sales process and funnel leakage,lead,72,Discussed sales team was prioritising top accounts only,69,Opened recap email,16,Said timing was bad due to quarter-end priorities,61,metricforge14.com
Alex Novak,alex.novak@dealspring.com,Head of RevOps,DealSpring,Marketing Software,130,Dublin Ireland,Hiring first enablement lead,opportunity,64,Discussed CRM hygiene issues were slowing the team down,88,Opened pricing follow-up email,31,,0,dealspring.com
Laura Kelly,laura.kelly@flowmetrics3.com,Founder,FlowMetrics 3,Analytics Software,110,Sydney Australia,Hiring 3 SDRs and 1 AE,stalled,18,Discussed lead handoff between marketing and sales was messy,78,Clicked case study about dormant lead recovery,16,Interested in operational efficiency more than net-new tooling,61,flowmetrics3.com
Liam Mills,liam.mills@closelayer61.com,Revenue Operations Director,CloseLayer 61,Sales Enablement Software,280,Miami USA,Launching new product line,stalled,18,Discussed good-fit opportunities were sitting untouched in the CRM,88,Opened recap email,28,Founder was interested but wanted to revisit post-quarter,74,closelayer61.com
Alex Moran,alex.moran@navisync95.com,Marketing Director,Navisync 95,Maritime Workforce SaaS,220,Lisbon Portugal,Launching new outbound motion,lead,12,Discussed forecasting and pipeline visibility were weak,88,Opened follow-up twice,9,Mentioned forecasting and pipeline visibility were weak,53,navisync95.com
Jake Collins,jake.collins@closelayer61.com,Director of Sales,CloseLayer 61,Sales Enablement Software,280,Miami USA,Launching new product line,opportunity,12,Discussed they wanted better commercial efficiency without more headcount,78,Attended webinar on pipeline coverage and reactivation,28,Mentioned they wanted better commercial efficiency without more headcount,41,closelayer61.com
Natalie Shaw,natalie.shaw@closelayer.com,Head of Growth,CloseLayer,Maritime Workforce SaaS,110,Stockholm Sweden,Hiring RevOps Manager,opportunity,64,Discussed they wanted better commercial efficiency without more headcount,88,Clicked case study about dormant lead recovery,31,Wanted better prioritisation across stale pipeline,69,closelayer.com
Nina Keane,nina.keane@sellstack36.com,Commercial Director,SellStack 36,AdTech SaaS,190,Barcelona Spain,Raised Series A 6 months ago,opportunity,24,Discussed forecasting and pipeline visibility were weak,44,Opened recap email,9,Wanted better prioritisation across stale pipeline,69,sellstack36.com
James Laurent,james.laurent@clearfunnel94.com,Chief Revenue Officer,ClearFunnel 94,FinTech SaaS,60,Lisbon Portugal,Hiring 3 SDRs and 1 AE,stalled,24,Discussed forecasting and pipeline visibility were weak,69,Attended webinar on pipeline coverage and reactivation,31,Interested in operational efficiency more than net-new tooling,74,clearfunnel94.com
Noah Fischer,noah.fischer@metricforge38.com,VP Revenue Operations,MetricForge 38,B2B SaaS,220,Lisbon Portugal,Expanding into US market,lead,91,Discussed good-fit opportunities were sitting untouched in the CRM,69,Opened pricing follow-up email,16,Mentioned good-fit opportunities were sitting untouched in the CRM,87,metricforge38.com
Barry Moran,barry.moran@dealspring.com,VP Marketing,DealSpring,Marketing Software,130,Dublin Ireland,Hiring first enablement lead,opportunity,83,Discussed CRM hygiene issues were slowing the team down,57,Opened follow-up twice,12,Founder was interested but wanted to revisit post-quarter,53,dealspring.com
Ben Walsh,ben.walsh@leadorbit19.com,RevOps Manager,LeadOrbit 19,Analytics Software,110,Dublin Ireland,Hiring RevOps Manager,lead,52,Discussed CRM hygiene issues were slowing the team down,57,Recent discovery call,28,Said timing was bad due to quarter-end priorities,41,leadorbit19.com
Owen Dunne,owen.dunne@navisync71.com,Head of RevOps,Navisync 71,Customer Support Software,280,Stockholm Sweden,Expanding partner channel,lead,52,Discussed lead handoff between marketing and sales was messy,44,Recent discovery call,14,Interested in operational efficiency more than net-new tooling,61,navisync71.com
Chloe Kelly,chloe.kelly@revscale73.com,COO,RevScale 73,Analytics Software,340,Manchester UK,Expanding into US market,lead,18,Discussed rep productivity and prioritisation were becoming a concern,57,Attended webinar on pipeline coverage and reactivation,22,Interested in operational efficiency more than net-new tooling,69,revscale73.com
Natalie Keane,natalie.keane@dealspring.com,Chief Revenue Officer,DealSpring,Marketing Software,130,Dublin Ireland,Hiring first enablement lead,lead,83,Discussed forecasting and pipeline visibility were weak,88,Opened recap email,28,Founder was interested but wanted to revisit post-quarter,41,dealspring.com
Noah Moran,noah.moran@prospectiq21.com,RevOps Manager,ProspectIQ 21,FinTech SaaS,340,Paris France,Hiring first enablement lead,opportunity,83,Discussed timing was poor despite strong fit,88,Opened follow-up twice,9,,0,prospectiq21.com
Ava Laurent,ava.laurent@convertloop.com,Head of RevOps,ConvertLoop,B2B SaaS,280,Amsterdam Netherlands,Hiring RevOps Manager,lead,24,Discussed forecasting and pipeline visibility were weak,57,Opened follow-up twice,28,Said timing was bad due to quarter-end priorities,74,convertloop.com
Rachel Byrne,rachel.byrne@convertloop.com,Revenue Operations Director,ConvertLoop,B2B SaaS,280,Amsterdam Netherlands,Hiring RevOps Manager,lead,83,Discussed rep productivity and prioritisation were becoming a concern,57,Opened follow-up twice,12,Said timing was bad due to quarter-end priorities,61,convertloop.com
Maria Murphy,maria.murphy@convertloop.com,Chief Revenue Officer,ConvertLoop,B2B SaaS,280,Amsterdam Netherlands,Hiring RevOps Manager,lead,12,Discussed forecasting and pipeline visibility were weak,44,Opened recap email,12,Interested in operational efficiency more than net-new tooling,69,convertloop.com
Sara Power,sara.power@pismiami48.com,RevOps Manager,PIS Miami 48,AdTech SaaS,340,London UK,Building a new enterprise sales team,lead,58,Discussed lead handoff between marketing and sales was messy,78,Opened recap email,12,Mentioned lead handoff between marketing and sales was messy,74,pismiami48.com
Luke Flynn,luke.flynn@demandforge.com,Head of RevOps,DemandForge,Sales Enablement Software,45,Stockholm Sweden,Reviewing sales process and funnel leakage,lead,39,Discussed sales team was prioritising top accounts only,88,Attended webinar on pipeline coverage and reactivation,12,Said timing was bad due to quarter-end priorities,74,demandforge.com
Nina Flynn,nina.flynn@pismiami72.com,RevOps Manager,PIS Miami 72,Sales Enablement Software,110,Paris France,Expanding into US market,opportunity,18,Discussed they wanted better commercial efficiency without more headcount,44,Attended webinar on pipeline coverage and reactivation,33,Wanted better prioritisation across stale pipeline,74,pismiami72.com
Nina Meyer,nina.meyer@logihub82.com,COO,LogiHub 82,Sales Enablement Software,35,New York USA,Hiring first enablement lead,opportunity,64,Discussed sales team was prioritising top accounts only,78,Opened pricing follow-up email,14,Wanted better prioritisation across stale pipeline,41,logihub82.com
Natalie Collins,natalie.collins@logihub34.com,Chief Revenue Officer,LogiHub 34,FinTech SaaS,75,Miami USA,Hiring RevOps Manager,stalled,58,Discussed pipeline follow-up was too manual,57,Clicked case study about dormant lead recovery,22,,0,logihub34.com
Hannah Walsh,hannah.walsh@crewstack55.com,Director of Sales,CrewStack 55,B2B SaaS,280,Lisbon Portugal,Hiring 3 SDRs and 1 AE,opportunity,104,Discussed sales team was prioritising top accounts only,57,Opened pricing follow-up email,22,Founder was interested but wanted to revisit post-quarter,61,crewstack55.com
Ben Jensen,ben.jensen@opspilot53.com,VP Marketing,OpsPilot 53,Revenue Operations Software,160,Amsterdam Netherlands,Raised Series A 6 months ago,customer,39,Discussed timing was poor despite strong fit,88,Attended webinar on pipeline coverage and reactivation,33,,0,opspilot53.com
Sophie Carter,sophie.carter@growpilot81.com,COO,GrowPilot 81,FinTech SaaS,90,Stockholm Sweden,Building a new enterprise sales team,stalled,12,Discussed timing was poor despite strong fit,57,Recent discovery call,12,Interested in operational efficiency more than net-new tooling,53,growpilot81.com
Ava Quinn,ava.quinn@quotapath68.com,Head of RevOps,QuotaPath 68,Marketing Software,280,Amsterdam Netherlands,Reviewing sales process and funnel leakage,stalled,83,Discussed lead handoff between marketing and sales was messy,78,Clicked case study about dormant lead recovery,16,,0,quotapath68.com
Emily Weber,emily.weber@signalpath30.com,VP Revenue Operations,SignalPath 30,Marketing Software,420,Lisbon Portugal,Launching new outbound motion,opportunity,104,Discussed pipeline follow-up was too manual,78,Opened follow-up twice,16,,0,signalpath30.com
Zoe Collins,zoe.collins@pismiami96.com,RevOps Manager,PIS Miami 96,Customer Support Software,60,London UK,Hiring RevOps Manager,customer,45,Discussed they wanted better commercial efficiency without more headcount,44,Recent discovery call,9,,0,pismiami96.com
Hannah Keane,hannah.keane@funnelpilot35.com,Marketing Director,FunnelPilot 35,Customer Support Software,280,New York USA,Implementing new forecasting process,lead,18,Discussed rep productivity and prioritisation were becoming a concern,78,Clicked case study about dormant lead recovery,28,Interested in operational efficiency more than net-new tooling,69,funnelpilot35.com
Ava Quinn,ava.quinn@funnelpilot11.com,Founder,FunnelPilot 11,HR Software,130,Manchester UK,Expanding into US market,lead,72,Discussed CRM hygiene issues were slowing the team down,88,Opened recap email,22,,0,funnelpilot11.com
Anna Meyer,anna.meyer@pipelineiq74.com,VP Revenue Operations,PipelineIQ 74,Revenue Operations Software,130,Berlin Germany,Building a new enterprise sales team,opportunity,58,Discussed team was stretched and coverage was inconsistent,44,Clicked case study about dormant lead recovery,31,Said timing was bad due to quarter-end priorities,41,pipelineiq74.com
Tom Mills,tom.mills@crewstack31.com,Director of Sales,CrewStack 31,Operations SaaS,280,Barcelona Spain,Hiring first enablement lead,stalled,39,Discussed CRM hygiene issues were slowing the team down,69,Opened pricing follow-up email,22,Wanted better prioritisation across stale pipeline,41,crewstack31.com
Jake Dunne,jake.dunne@pismiami24.com,Sales Director,PIS Miami 24,Logistics SaaS,60,Manchester UK,Launching new outbound motion,lead,52,Discussed timing was poor despite strong fit,57,Opened recap email,9,,0,pismiami24.com
Barry Becker,barry.becker@closelayer.com,RevOps Manager,CloseLayer,Maritime Workforce SaaS,110,Stockholm Sweden,Hiring RevOps Manager,lead,72,Discussed sales team was prioritising top accounts only,88,Recent discovery call,31,Mentioned sales team was prioritising top accounts only,41,closelayer.com
Ava Quinn,ava.quinn@convertloop66.com,VP Revenue Operations,ConvertLoop 66,Sales Enablement Software,60,London UK,Hiring first enablement lead,customer,52,Discussed CRM hygiene issues were slowing the team down,78,Opened pricing follow-up email,14,Said timing was bad due to quarter-end priorities,41,convertloop66.com
Luke Laurent,luke.laurent@clearfunnel70.com,VP Revenue Operations,ClearFunnel 70,HR Software,35,Stockholm Sweden,Raised Series A 6 months ago,lead,39,Discussed CRM hygiene issues were slowing the team down,78,Clicked case study about dormant lead recovery,12,Mentioned CRM hygiene issues were slowing the team down,74,clearfunnel70.com
Barry Hughes,barry.hughes@revscale49.com,Sales Director,RevScale 49,Analytics Software,280,Dublin Ireland,Hiring 3 SDRs and 1 AE,lead,45,Discussed sales team was prioritising top accounts only,57,Opened recap email,31,Interested in operational efficiency more than net-new tooling,41,revscale49.com
Sophie Carter,sophie.carter@leadorbit91.com,COO,LeadOrbit 91,Analytics Software,90,Berlin Germany,Scaling demand generation across EMEA,lead,91,Discussed lead handoff between marketing and sales was messy,69,Opened recap email,22,Interested in operational efficiency more than net-new tooling,53,leadorbit91.com
Hannah Wright,hannah.wright@sellstack12.com,Head of RevOps,SellStack 12,Operations SaaS,190,Barcelona Spain,Raised Series A 6 months ago,opportunity,72,Discussed they wanted better commercial efficiency without more headcount,69,Recent discovery call,7,,0,sellstack12.com
Jonas Becker,jonas.becker@outreachos89.com,Head of Growth,OutreachOS 89,Marketing Software,280,Copenhagen Denmark,Hiring RevOps Manager,opportunity,31,Discussed lead handoff between marketing and sales was messy,69,Recent discovery call,7,Interested in operational efficiency more than net-new tooling,69,outreachos89.com
Sophie Shaw,sophie.shaw@pipelineiq26.com,RevOps Manager,PipelineIQ 26,HR Software,110,Barcelona Spain,Hiring 3 SDRs and 1 AE,opportunity,18,Discussed rep productivity and prioritisation were becoming a concern,44,Attended webinar on pipeline coverage and reactivation,22,Interested in operational efficiency more than net-new tooling,69,pipelineiq26.com
Eva Novak,eva.novak@dealspring87.com,Revenue Operations Director,DealSpring 87,Logistics SaaS,280,New York USA,Hiring RevOps Manager,lead,83,Discussed CRM hygiene issues were slowing the team down,78,Opened pricing follow-up email,7,Founder was interested but wanted to revisit post-quarter,41,dealspring87.com
Natalie Becker,natalie.becker@pipelineiq.com,Head of Sales,PipelineIQ,Revenue Operations Software,75,Amsterdam Netherlands,Launching new outbound motion,stalled,104,Discussed lead handoff between marketing and sales was messy,88,Attended webinar on pipeline coverage and reactivation,33,Said timing was bad due to quarter-end priorities,69,pipelineiq.com
Emily Wright,emily.wright@convertloop66.com,Sales Director,ConvertLoop 66,Sales Enablement Software,60,London UK,Hiring first enablement lead,opportunity,72,Discussed CRM hygiene issues were slowing the team down,69,Opened pricing follow-up email,16,Mentioned CRM hygiene issues were slowing the team down,74,convertloop66.com
Tom Kelly,tom.kelly@clearfunnel94.com,Director of Sales,ClearFunnel 94,FinTech SaaS,60,Lisbon Portugal,Hiring 3 SDRs and 1 AE,opportunity,52,Discussed they wanted better commercial efficiency without more headcount,44,Attended webinar on pipeline coverage and reactivation,28,,0,clearfunnel94.com
Eleanor Meyer,eleanor.meyer@closelayer85.com,Head of RevOps,CloseLayer 85,Sales Enablement Software,60,Paris France,Hiring RevOps Manager,lead,52,Discussed pipeline follow-up was too manual,78,Opened follow-up twice,7,Wanted better prioritisation across stale pipeline,87,closelayer85.com
Jake Doyle,jake.doyle@navisync71.com,Director of Sales,Navisync 71,Customer Support Software,280,Stockholm Sweden,Expanding partner channel,lead,91,Discussed CRM hygiene issues were slowing the team down,44,Clicked case study about dormant lead recovery,31,Wanted better prioritisation across stale pipeline,74,navisync71.com
Luke Quinn,luke.quinn@leadorbit43.com,Marketing Director,LeadOrbit 43,AdTech SaaS,75,Lisbon Portugal,Launching new outbound motion,lead,45,Discussed CRM hygiene issues were slowing the team down,69,Recent discovery call,9,Mentioned CRM hygiene issues were slowing the team down,61,leadorbit43.com
Daniel Brooks,daniel.brooks@adlift80.com,Head of Growth,AdLift 80,Revenue Operations Software,60,Barcelona Spain,Hiring first enablement lead,lead,91,Discussed they wanted better commercial efficiency without more headcount,44,Opened recap email,31,Founder was interested but wanted to revisit post-quarter,61,adlift80.com
Max Moran,max.moran@adlift.com,Commercial Director,AdLift,FinTech SaaS,190,Copenhagen Denmark,Expanding into US market,lead,24,Discussed timing was poor despite strong fit,44,Opened follow-up twice,9,Interested in operational efficiency more than net-new tooling,87,adlift.com
Barry Meyer,barry.meyer@convertloop42.com,Chief Revenue Officer,ConvertLoop 42,Sales Enablement Software,75,Paris France,Building a new enterprise sales team,stalled,31,Discussed team was stretched and coverage was inconsistent,78,Attended webinar on pipeline coverage and reactivation,28,Interested in operational efficiency more than net-new tooling,53,convertloop42.com
Sam Meyer,sam.meyer@pismiami96.com,Head of Growth,PIS Miami 96,Customer Support Software,60,London UK,Hiring RevOps Manager,stalled,91,Discussed lead handoff between marketing and sales was messy,57,Attended webinar on pipeline coverage and reactivation,14,Said timing was bad due to quarter-end priorities,87,pismiami96.com
Natalie Quinn,natalie.quinn@outreachos17.com,VP Revenue Operations,OutreachOS 17,Sales Enablement Software,35,New York USA,Scaling demand generation across EMEA,opportunity,18,Discussed rep productivity and prioritisation were becoming a concern,44,Clicked case study about dormant lead recovery,14,Founder was interested but wanted to revisit post-quarter,41,outreachos17.com
James Dunne,james.dunne@demandforge28.com,RevOps Manager,DemandForge 28,Logistics SaaS,35,Amsterdam Netherlands,Expanding partner channel,stalled,104,Discussed timing was poor despite strong fit,69,Opened pricing follow-up email,33,Said timing was bad due to quarter-end priorities,41,demandforge28.com
Tom Richter,tom.richter@pismiami24.com,Commercial Director,PIS Miami 24,Logistics SaaS,60,Manchester UK,Launching new outbound motion,stalled,91,Discussed they wanted better commercial efficiency without more headcount,57,Opened recap email,22,Founder was interested but wanted to revisit post-quarter,69,pismiami24.com
Nina Becker,nina.becker@flowmetrics75.com,Marketing Director,FlowMetrics 75,Analytics Software,90,Barcelona Spain,Implementing new forecasting process,stalled,104,Discussed sales team was prioritising top accounts only,57,Opened pricing follow-up email,28,Mentioned sales team was prioritising top accounts only,53,flowmetrics75.com
Noah Power,noah.power@clearfunnel46.com,Chief Revenue Officer,ClearFunnel 46,Logistics SaaS,45,Dublin Ireland,Building a new enterprise sales team,opportunity,12,Discussed forecasting and pipeline visibility were weak,44,Recent discovery call,28,,0,clearfunnel46.com
Jonas Laurent,jonas.laurent@clearfunnel70.com,Head of RevOps,ClearFunnel 70,HR Software,35,Stockholm Sweden,Raised Series A 6 months ago,opportunity,31,Discussed lead handoff between marketing and sales was messy,78,Opened pricing follow-up email,12,,0,clearfunnel70.com
